model_name,selected_by,best_params_json,val_default0p5_threshold,val_default0p5_accuracy,val_default0p5_balanced_accuracy,val_default0p5_precision,val_default0p5_recall,val_default0p5_f1,val_default0p5_roc_auc,val_default0p5_pr_auc,val_default0p5_log_loss,val_default0p5_brier_score,val_default0p5_positive_prediction_rate,val_tunedf1_threshold,val_tunedf1_accuracy,val_tunedf1_balanced_accuracy,val_tunedf1_precision,val_tunedf1_recall,val_tunedf1_f1,val_tunedf1_roc_auc,val_tunedf1_pr_auc,val_tunedf1_log_loss,val_tunedf1_brier_score,val_tunedf1_positive_prediction_rate
hist_gradient_boosting,validation_pr_auc,"{""l2_regularization"": 0.1, ""learning_rate"": 0.05, ""max_iter"": 300, ""max_leaf_nodes"": 31, ""min_samples_leaf"": 80}",0.5,0.7601666666666667,0.7103249583821891,0.4681818181818182,0.6209495101733233,0.5338516358924522,0.7839340978356804,0.547593412587478,0.5380414648190199,0.17771716140679847,0.29333333333333333,0.57,0.7936666666666666,0.7102481168172401,0.5318084345961401,0.560663149962321,0.5458547322083639,0.7839340978356804,0.547593412587478,0.5380414648190199,0.17771716140679847,0.23316666666666666
mlp_neural_network,validation_pr_auc,"{""alpha"": 0.0001, ""batch_size"": 256, ""hidden_layer_sizes"": [128], ""learning_rate_init"": 0.001, ""max_iter"": 250}",0.5,0.819,0.6434157905948827,0.6909667194928685,0.3285606631499623,0.4453524004085802,0.7710078629965695,0.5392859522687676,0.4357419883638573,0.13609317666459117,0.10516666666666667,0.25,0.7911666666666667,0.7064848152843275,0.5264663805436338,0.5546345139412208,0.5401834862385321,0.7710078629965695,0.5392859522687676,0.4357419883638573,0.13609317666459117,0.233
