EDUCATION,count,default_rate,default_rate_pct
0,14,0.0,0.0
1,10585,0.19234766178554558,19.23476617855456
2,14030,0.23734853884533144,23.734853884533145
3,4917,0.2515761643278422,25.15761643278422
4,123,0.056910569105691054,5.691056910569105
5,280,0.06428571428571428,6.428571428571428
6,51,0.1568627450980392,15.686274509803921
