MARRIAGE,count,default_rate,default_rate_pct
0,54,0.09259259259259259,9.25925925925926
1,13659,0.23471703638626545,23.471703638626547
2,15964,0.20928338762214985,20.928338762214985
3,323,0.26006191950464397,26.006191950464398
