SEX,count,default_rate,default_rate_pct
1,11888,0.2416722745625841,24.16722745625841
2,18112,0.20776280918727916,20.776280918727917
