{
  "hist_gradient_boosting": {
    "loss_curve": null,
    "validation_scores": null,
    "train_score": [
      -0.6931471799180887,
      -0.6810452706124005,
      -0.6700376958739774,
      -0.6600397837975914,
      -0.6508533937514843,
      -0.6420528453300304,
      -0.6339663943644221,
      -0.6265566852813145,
      -0.6197514819137465,
      -0.6134504694674229,
      -0.6076601402966961,
      -0.6023307206400946,
      -0.5973664996014868,
      -0.5927046625107024,
      -0.5882520968934654,
      -0.5842131531632095,
      -0.5804676340605965,
      -0.5768892330965487,
      -0.5734163162139889,
      -0.5700991331033601,
      -0.5672155556321581,
      -0.5643195262897154,
      -0.5615967200477591,
      -0.5590073424073759,
      -0.5565515851680141,
      -0.5542607128352525,
      -0.5521358971452602,
      -0.5501279421361049,
      -0.548050797206189,
      -0.5461402870373625,
      -0.5444184900542821,
      -0.5428095182755986,
      -0.541151250649831,
      -0.5395620281568028,
      -0.5380387276575598,
      -0.5364094013651862,
      -0.5350171437461081,
      -0.5336768837838755,
      -0.5324165444145667,
      -0.5311335725458897,
      -0.5298940932684528,
      -0.5286516726284315,
      -0.5274250418382941,
      -0.5262156728136208,
      -0.5251151604842863,
      -0.5240093495715814,
      -0.5229809273570015,
      -0.5219324519226531,
      -0.5208372266147505,
      -0.5197941181945593,
      -0.5188454549250853,
      -0.5179017046141211,
      -0.5169345435694402,
      -0.5159602156804035,
      -0.5150469982871152,
      -0.5140452861122891,
      -0.5132102211163321,
      -0.5123158336176725,
      -0.5115271733583512,
      -0.5107439657992944
    ],
    "validation_score": [
      -0.6931471927575295,
      -0.6815882247321117,
      -0.6713398964853768,
      -0.6621131387417574,
      -0.653928273441802,
      -0.6457984633668458,
      -0.6383843504644874,
      -0.6317851965291987,
      -0.6261196933291352,
      -0.6203861954841887,
      -0.6151987150691997,
      -0.6111145611939764,
      -0.6069036918147135,
      -0.6029444127144385,
      -0.5995543189517442,
      -0.5967701059931787,
      -0.5940797219022417,
      -0.5917041127158899,
      -0.5888134380794193,
      -0.586526195212425,
      -0.5842905576108071,
      -0.5825771779403884,
      -0.5809166101069847,
      -0.5791299935402764,
      -0.5776427702968877,
      -0.5760090454546807,
      -0.5745991097998802,
      -0.5734149489834125,
      -0.5722161866414844,
      -0.5712580246928709,
      -0.5698183651519703,
      -0.5691045602141545,
      -0.568542848162964,
      -0.5680136251087786,
      -0.5675027988403308,
      -0.5670647829800582,
      -0.5663527416681912,
      -0.5658122113614491,
      -0.5649273848019178,
      -0.5644677506314463,
      -0.5638295940195234,
      -0.5633008842216644,
      -0.5630261741775993,
      -0.5622616122693584,
      -0.5620550228439166,
      -0.5620841588430954,
      -0.5620277391850459,
      -0.5616795513139452,
      -0.5613511413370165,
      -0.5613213325262557,
      -0.561711126634423,
      -0.5619103102583476,
      -0.5620332831090171,
      -0.5618775821023987,
      -0.5619453751866397,
      -0.5621233487197834,
      -0.5625518024810883,
      -0.562477337074597,
      -0.5627191621493064,
      -0.5628128599995044
    ]
  },
  "mlp_neural_network": {
    "loss_curve": [
      0.5030947414253301,
      0.4379973628841851,
      0.43097221676567177,
      0.4258724494858562,
      0.42382065433799254,
      0.42304669406806344,
      0.4201953879089671,
      0.4200179090189298,
      0.41949600777910967,
      0.417281013534966,
      0.4160285415942853,
      0.41543070246725,
      0.4149429620491217,
      0.4139640826174156
    ],
    "validation_scores": [
      0.8094444444444444,
      0.8188888888888889,
      0.8244444444444444,
      0.8177777777777778,
      0.8188888888888889,
      0.8194444444444444,
      0.8177777777777778,
      0.8194444444444444,
      0.8205555555555556,
      0.8177777777777778,
      0.8188888888888889,
      0.8172222222222222,
      0.8161111111111111,
      0.8177777777777778
    ],
    "train_score": null,
    "validation_score": null
  }
}